week_end,vacc_alive,denom,uptake,group,Region
06oct2024,4671,19574,23.863289,Residents in a care home for older adults,All Wales
13oct2024,8692,19456,44.675163,Residents in a care home for older adults,All Wales
20oct2024,9582,19340,49.544983,Residents in a care home for older adults,All Wales
27oct2024,10292,19201,53.601376,Residents in a care home for older adults,All Wales
03nov2024,11026,19089,57.761013,Residents in a care home for older adults,All Wales
10nov2024,11517,18987,60.657291,Residents in a care home for older adults,All Wales
17nov2024,11895,18873,63.026546,Residents in a care home for older adults,All Wales
24nov2024,12126,18745,64.689247,Residents in a care home for older adults,All Wales
01dec2024,12323,18612,66.209969,Residents in a care home for older adults,All Wales
08dec2024,12453,18516,67.255348,Residents in a care home for older adults,All Wales
15dec2024,12451,18372,67.771606,Residents in a care home for older adults,All Wales
22dec2024,12444,18221,68.294823,Residents in a care home for older adults,All Wales
29dec2024,12396,18091,68.520256,Residents in a care home for older adults,All Wales
05jan2025,12338,17946,68.750694,Residents in a care home for older adults,All Wales
12jan2025,12527,17785,70.43576,Residents in a care home for older adults,All Wales
19jan2025,12535,17646,71.035927,Residents in a care home for older adults,All Wales
26jan2025,12731,17513,72.694572,Residents in a care home for older adults,All Wales
02feb2025,12765,17410,73.319931,Residents in a care home for older adults,All Wales
09feb2025,12762,17275,73.875542,Residents in a care home for older adults,All Wales
16feb2025,12752,17159,74.316689,Residents in a care home for older adults,All Wales
23feb2025,12715,17039,74.622925,Residents in a care home for older adults,All Wales
02mar2025,12653,16920,74.781326,Residents in a care home for older adults,All Wales
09mar2025,12590,16791,74.980644,Residents in a care home for older adults,All Wales
16mar2025,12532,16711,74.992523,Residents in a care home for older adults,All Wales
23mar2025,12465,16616,75.018051,Residents in a care home for older adults,All Wales
06oct2024,54385,742538,7.3242044,Adults aged 65 years and over,All Wales
13oct2024,104789,741965,14.123173,Adults aged 65 years and over,All Wales
20oct2024,156307,741403,21.082596,Adults aged 65 years and over,All Wales
27oct2024,204256,740810,27.571981,Adults aged 65 years and over,All Wales
03nov2024,240947,740265,32.548748,Adults aged 65 years and over,All Wales
10nov2024,280246,739734,37.884701,Adults aged 65 years and over,All Wales
17nov2024,313926,739185,42.469208,Adults aged 65 years and over,All Wales
24nov2024,342468,738519,46.372265,Adults aged 65 years and over,All Wales
01dec2024,367269,737854,49.775295,Adults aged 65 years and over,All Wales
08dec2024,385605,737285,52.300671,Adults aged 65 years and over,All Wales
15dec2024,399714,736586,54.265762,Adults aged 65 years and over,All Wales
22dec2024,409163,735851,55.604057,Adults aged 65 years and over,All Wales
29dec2024,411180,735169,55.929996,Adults aged 65 years and over,All Wales
05jan2025,415610,734395,56.592159,Adults aged 65 years and over,All Wales
12jan2025,421931,733658,57.510586,Adults aged 65 years and over,All Wales
19jan2025,426554,732896,58.201164,Adults aged 65 years and over,All Wales
26jan2025,430227,732188,58.75909,Adults aged 65 years and over,All Wales
02feb2025,433276,731548,59.227283,Adults aged 65 years and over,All Wales
09feb2025,435355,730874,59.566357,Adults aged 65 years and over,All Wales
16feb2025,436896,730215,59.831146,Adults aged 65 years and over,All Wales
23feb2025,438551,729557,60.111958,Adults aged 65 years and over,All Wales
02mar2025,439615,728923,60.310211,Adults aged 65 years and over,All Wales
09mar2025,440314,728270,60.46027,Adults aged 65 years and over,All Wales
16mar2025,440589,727798,60.537266,Adults aged 65 years and over,All Wales
23mar2025,440892,727302,60.620209,Adults aged 65 years and over,All Wales
06oct2024,5982,431737,1.3855658,Persons aged 6 months to 64 years in a clinical risk group,All Wales
13oct2024,12939,431670,2.9974287,Persons aged 6 months to 64 years in a clinical risk group,All Wales
20oct2024,21588,431596,5.0018997,Persons aged 6 months to 64 years in a clinical risk group,All Wales
27oct2024,28681,431533,6.6463051,Persons aged 6 months to 64 years in a clinical risk group,All Wales
03nov2024,33198,431481,7.6939654,Persons aged 6 months to 64 years in a clinical risk group,All Wales
10nov2024,39519,431421,9.1601934,Persons aged 6 months to 64 years in a clinical risk group,All Wales
17nov2024,45710,431371,10.596447,Persons aged 6 months to 64 years in a clinical risk group,All Wales
24nov2024,51985,431299,12.053123,Persons aged 6 months to 64 years in a clinical risk group,All Wales
01dec2024,58853,431235,13.647547,Persons aged 6 months to 64 years in a clinical risk group,All Wales
08dec2024,64693,431170,15.004059,Persons aged 6 months to 64 years in a clinical risk group,All Wales
15dec2024,73253,431091,16.992468,Persons aged 6 months to 64 years in a clinical risk group,All Wales
22dec2024,80584,431001,18.696939,Persons aged 6 months to 64 years in a clinical risk group,All Wales
29dec2024,82726,430914,19.197798,Persons aged 6 months to 64 years in a clinical risk group,All Wales
05jan2025,85561,430818,19.860126,Persons aged 6 months to 64 years in a clinical risk group,All Wales
12jan2025,89583,430744,20.797272,Persons aged 6 months to 64 years in a clinical risk group,All Wales
19jan2025,92786,430656,21.545271,Persons aged 6 months to 64 years in a clinical risk group,All Wales
26jan2025,96146,430575,22.329676,Persons aged 6 months to 64 years in a clinical risk group,All Wales
02feb2025,98311,430495,22.836735,Persons aged 6 months to 64 years in a clinical risk group,All Wales
09feb2025,99382,430431,23.088951,Persons aged 6 months to 64 years in a clinical risk group,All Wales
16feb2025,100369,430361,23.322048,Persons aged 6 months to 64 years in a clinical risk group,All Wales
23feb2025,101562,430301,23.602549,Persons aged 6 months to 64 years in a clinical risk group,All Wales
02mar2025,102329,430227,23.784885,Persons aged 6 months to 64 years in a clinical risk group,All Wales
09mar2025,102604,430161,23.852465,Persons aged 6 months to 64 years in a clinical risk group,All Wales
16mar2025,102867,430102,23.916885,Persons aged 6 months to 64 years in a clinical risk group,All Wales
23mar2025,103412,430051,24.04645,Persons aged 6 months to 64 years in a clinical risk group,All Wales
06oct2024,60527,1175215,5.1502914,All identified as potentially eligible,All Wales
13oct2024,118038,1174575,10.049422,All identified as potentially eligible,All Wales
20oct2024,178272,1173937,15.185823,All identified as potentially eligible,All Wales
27oct2024,233346,1173278,19.888382,All identified as potentially eligible,All Wales
03nov2024,274589,1172677,23.415569,All identified as potentially eligible,All Wales
10nov2024,320227,1172084,27.321165,All identified as potentially eligible,All Wales
17nov2024,360116,1171485,30.740129,All identified as potentially eligible,All Wales
24nov2024,394950,1170747,33.734871,All identified as potentially eligible,All Wales
01dec2024,426626,1170017,36.46323,All identified as potentially eligible,All Wales
08dec2024,450803,1169380,38.550598,All identified as potentially eligible,All Wales
15dec2024,473471,1168597,40.516193,All identified as potentially eligible,All Wales
22dec2024,490257,1167770,41.982327,All identified as potentially eligible,All Wales
29dec2024,494416,1166999,42.366447,All identified as potentially eligible,All Wales
05jan2025,501681,1166128,43.021091,All identified as potentially eligible,All Wales
12jan2025,512040,1165316,43.940014,All identified as potentially eligible,All Wales
19jan2025,519867,1164464,44.644318,All identified as potentially eligible,All Wales
26jan2025,526905,1163671,45.279552,All identified as potentially eligible,All Wales
02feb2025,532118,1162950,45.755878,All identified as potentially eligible,All Wales
09feb2025,535272,1162212,46.056313,All identified as potentially eligible,All Wales
16feb2025,537804,1161483,46.303219,All identified as potentially eligible,All Wales
23feb2025,540650,1160762,46.577164,All identified as potentially eligible,All Wales
02mar2025,542478,1160049,46.763371,All identified as potentially eligible,All Wales
09mar2025,543454,1159329,46.876598,All identified as potentially eligible,All Wales
16mar2025,543991,1158796,46.9445,All identified as potentially eligible,All Wales
23mar2025,544839,1158246,47.040009,All identified as potentially eligible,All Wales
06oct2024,1087,3112,34.929306,Residents in a care home for older adults,Aneurin Bevan UHB
13oct2024,1919,3090,62.103561,Residents in a care home for older adults,Aneurin Bevan UHB
20oct2024,1976,3068,64.406776,Residents in a care home for older adults,Aneurin Bevan UHB
27oct2024,2001,3052,65.563568,Residents in a care home for older adults,Aneurin Bevan UHB
03nov2024,2067,3034,68.127884,Residents in a care home for older adults,Aneurin Bevan UHB
10nov2024,2069,3018,68.555336,Residents in a care home for older adults,Aneurin Bevan UHB
17nov2024,2099,3002,69.920052,Residents in a care home for older adults,Aneurin Bevan UHB
24nov2024,2105,2982,70.59021,Residents in a care home for older adults,Aneurin Bevan UHB
01dec2024,2098,2961,70.854439,Residents in a care home for older adults,Aneurin Bevan UHB
08dec2024,2103,2941,71.506287,Residents in a care home for older adults,Aneurin Bevan UHB
15dec2024,2084,2907,71.689026,Residents in a care home for older adults,Aneurin Bevan UHB
22dec2024,2065,2884,71.601944,Residents in a care home for older adults,Aneurin Bevan UHB
29dec2024,2049,2860,71.643356,Residents in a care home for older adults,Aneurin Bevan UHB
05jan2025,2036,2838,71.740662,Residents in a care home for older adults,Aneurin Bevan UHB
12jan2025,2180,2816,77.414772,Residents in a care home for older adults,Aneurin Bevan UHB
19jan2025,2194,2801,78.32917,Residents in a care home for older adults,Aneurin Bevan UHB
26jan2025,2203,2782,79.187637,Residents in a care home for older adults,Aneurin Bevan UHB
02feb2025,2203,2758,79.876724,Residents in a care home for older adults,Aneurin Bevan UHB
09feb2025,2196,2745,80,Residents in a care home for older adults,Aneurin Bevan UHB
16feb2025,2182,2726,80.044022,Residents in a care home for older adults,Aneurin Bevan UHB
23feb2025,2168,2708,80.059082,Residents in a care home for older adults,Aneurin Bevan UHB
02mar2025,2153,2690,80.037178,Residents in a care home for older adults,Aneurin Bevan UHB
09mar2025,2136,2666,80.120033,Residents in a care home for older adults,Aneurin Bevan UHB
16mar2025,2126,2654,80.105499,Residents in a care home for older adults,Aneurin Bevan UHB
23mar2025,2115,2639,80.143997,Residents in a care home for older adults,Aneurin Bevan UHB
06oct2024,12944,133881,9.6682873,Adults aged 65 years and over,Aneurin Bevan UHB
13oct2024,22408,133766,16.75164,Adults aged 65 years and over,Aneurin Bevan UHB
20oct2024,36282,133669,27.143167,Adults aged 65 years and over,Aneurin Bevan UHB
27oct2024,43708,133565,32.72414,Adults aged 65 years and over,Aneurin Bevan UHB
03nov2024,50577,133461,37.896465,Adults aged 65 years and over,Aneurin Bevan UHB
10nov2024,58709,133373,44.018654,Adults aged 65 years and over,Aneurin Bevan UHB
17nov2024,64697,133279,48.54253,Adults aged 65 years and over,Aneurin Bevan UHB
24nov2024,69431,133167,52.138294,Adults aged 65 years and over,Aneurin Bevan UHB
01dec2024,73078,133057,54.922325,Adults aged 65 years and over,Aneurin Bevan UHB
08dec2024,75727,132946,56.96072,Adults aged 65 years and over,Aneurin Bevan UHB
15dec2024,78173,132823,58.855019,Adults aged 65 years and over,Aneurin Bevan UHB
22dec2024,79745,132696,60.096008,Adults aged 65 years and over,Aneurin Bevan UHB
29dec2024,80388,132571,60.637695,Adults aged 65 years and over,Aneurin Bevan UHB
05jan2025,80982,132420,61.155415,Adults aged 65 years and over,Aneurin Bevan UHB
12jan2025,81859,132295,61.87611,Adults aged 65 years and over,Aneurin Bevan UHB
19jan2025,82311,132176,62.273785,Adults aged 65 years and over,Aneurin Bevan UHB
26jan2025,82397,132035,62.405422,Adults aged 65 years and over,Aneurin Bevan UHB
02feb2025,82649,131918,62.651798,Adults aged 65 years and over,Aneurin Bevan UHB
09feb2025,82844,131803,62.854412,Adults aged 65 years and over,Aneurin Bevan UHB
16feb2025,82872,131688,62.930565,Adults aged 65 years and over,Aneurin Bevan UHB
23feb2025,82940,131559,63.043957,Adults aged 65 years and over,Aneurin Bevan UHB
02mar2025,82953,131439,63.111404,Adults aged 65 years and over,Aneurin Bevan UHB
09mar2025,82896,131316,63.127113,Adults aged 65 years and over,Aneurin Bevan UHB
16mar2025,82851,131223,63.137558,Adults aged 65 years and over,Aneurin Bevan UHB
23mar2025,82851,131138,63.178482,Adults aged 65 years and over,Aneurin Bevan UHB
06oct2024,1530,87071,1.7571867,Persons aged 6 months to 64 years in a clinical risk group,Aneurin Bevan UHB
13oct2024,3255,87057,3.7389297,Persons aged 6 months to 64 years in a clinical risk group,Aneurin Bevan UHB
20oct2024,5927,87044,6.8091998,Persons aged 6 months to 64 years in a clinical risk group,Aneurin Bevan UHB
27oct2024,7453,87033,8.5634184,Persons aged 6 months to 64 years in a clinical risk group,Aneurin Bevan UHB
03nov2024,8606,87023,9.8893394,Persons aged 6 months to 64 years in a clinical risk group,Aneurin Bevan UHB
10nov2024,11160,87009,12.82626,Persons aged 6 months to 64 years in a clinical risk group,Aneurin Bevan UHB
17nov2024,13015,86993,14.960974,Persons aged 6 months to 64 years in a clinical risk group,Aneurin Bevan UHB
24nov2024,15049,86976,17.302475,Persons aged 6 months to 64 years in a clinical risk group,Aneurin Bevan UHB
01dec2024,17443,86962,20.058186,Persons aged 6 months to 64 years in a clinical risk group,Aneurin Bevan UHB
08dec2024,18545,86950,21.32835,Persons aged 6 months to 64 years in a clinical risk group,Aneurin Bevan UHB
15dec2024,19610,86933,22.557602,Persons aged 6 months to 64 years in a clinical risk group,Aneurin Bevan UHB
22dec2024,20612,86912,23.715942,Persons aged 6 months to 64 years in a clinical risk group,Aneurin Bevan UHB
29dec2024,21021,86900,24.189873,Persons aged 6 months to 64 years in a clinical risk group,Aneurin Bevan UHB
05jan2025,21200,86881,24.401192,Persons aged 6 months to 64 years in a clinical risk group,Aneurin Bevan UHB
12jan2025,21529,86866,24.784151,Persons aged 6 months to 64 years in a clinical risk group,Aneurin Bevan UHB
19jan2025,21841,86855,25.146509,Persons aged 6 months to 64 years in a clinical risk group,Aneurin Bevan UHB
26jan2025,21943,86843,25.267437,Persons aged 6 months to 64 years in a clinical risk group,Aneurin Bevan UHB
02feb2025,22072,86826,25.420958,Persons aged 6 months to 64 years in a clinical risk group,Aneurin Bevan UHB
09feb2025,22162,86817,25.527258,Persons aged 6 months to 64 years in a clinical risk group,Aneurin Bevan UHB
16feb2025,22249,86799,25.632784,Persons aged 6 months to 64 years in a clinical risk group,Aneurin Bevan UHB
23feb2025,22287,86785,25.680706,Persons aged 6 months to 64 years in a clinical risk group,Aneurin Bevan UHB
02mar2025,22324,86775,25.726303,Persons aged 6 months to 64 years in a clinical risk group,Aneurin Bevan UHB
09mar2025,22327,86762,25.733616,Persons aged 6 months to 64 years in a clinical risk group,Aneurin Bevan UHB
16mar2025,22338,86751,25.749559,Persons aged 6 months to 64 years in a clinical risk group,Aneurin Bevan UHB
23mar2025,22516,86741,25.957737,Persons aged 6 months to 64 years in a clinical risk group,Aneurin Bevan UHB
06oct2024,14512,221088,6.5639024,All identified as potentially eligible,Aneurin Bevan UHB
13oct2024,25737,220959,11.647862,All identified as potentially eligible,Aneurin Bevan UHB
20oct2024,42285,220849,19.146566,All identified as potentially eligible,Aneurin Bevan UHB
27oct2024,51237,220734,23.212101,All identified as potentially eligible,Aneurin Bevan UHB
03nov2024,59260,220620,26.860666,All identified as potentially eligible,Aneurin Bevan UHB
10nov2024,69946,220518,31.718952,All identified as potentially eligible,Aneurin Bevan UHB
17nov2024,77792,220408,35.294544,All identified as potentially eligible,Aneurin Bevan UHB
24nov2024,84560,220279,38.38768,All identified as potentially eligible,Aneurin Bevan UHB
01dec2024,90602,220154,41.153919,All identified as potentially eligible,Aneurin Bevan UHB
08dec2024,94353,220031,42.881683,All identified as potentially eligible,Aneurin Bevan UHB
15dec2024,97864,219891,44.505688,All identified as potentially eligible,Aneurin Bevan UHB
22dec2024,100438,219743,45.707031,All identified as potentially eligible,Aneurin Bevan UHB
29dec2024,101490,219605,46.214794,All identified as potentially eligible,Aneurin Bevan UHB
05jan2025,102263,219434,46.603077,All identified as potentially eligible,Aneurin Bevan UHB
12jan2025,103482,219294,47.188705,All identified as potentially eligible,Aneurin Bevan UHB
19jan2025,104245,219162,47.565269,All identified as potentially eligible,Aneurin Bevan UHB
26jan2025,104432,219008,47.684101,All identified as potentially eligible,Aneurin Bevan UHB
02feb2025,104813,218874,47.887367,All identified as potentially eligible,Aneurin Bevan UHB
09feb2025,105098,218750,48.0448,All identified as potentially eligible,Aneurin Bevan UHB
16feb2025,105213,218617,48.126633,All identified as potentially eligible,Aneurin Bevan UHB
23feb2025,105319,218473,48.206871,All identified as potentially eligible,Aneurin Bevan UHB
02mar2025,105368,218342,48.258236,All identified as potentially eligible,Aneurin Bevan UHB
09mar2025,105314,218206,48.263569,All identified as potentially eligible,Aneurin Bevan UHB
16mar2025,105280,218102,48.270992,All identified as potentially eligible,Aneurin Bevan UHB
23mar2025,105458,218006,48.373898,All identified as potentially eligible,Aneurin Bevan UHB
06oct2024,1539,5502,27.971647,Residents in a care home for older adults,Betsi Cadwaladr UHB
13oct2024,3188,5475,58.22831,Residents in a care home for older adults,Betsi Cadwaladr UHB
20oct2024,3219,5440,59.172794,Residents in a care home for older adults,Betsi Cadwaladr UHB
27oct2024,3214,5402,59.496483,Residents in a care home for older adults,Betsi Cadwaladr UHB
03nov2024,3220,5370,59.962757,Residents in a care home for older adults,Betsi Cadwaladr UHB
10nov2024,3261,5341,61.055981,Residents in a care home for older adults,Betsi Cadwaladr UHB
17nov2024,3277,5311,61.702129,Residents in a care home for older adults,Betsi Cadwaladr UHB
24nov2024,3284,5274,62.267727,Residents in a care home for older adults,Betsi Cadwaladr UHB
01dec2024,3299,5225,63.138756,Residents in a care home for older adults,Betsi Cadwaladr UHB
08dec2024,3334,5194,64.189453,Residents in a care home for older adults,Betsi Cadwaladr UHB
15dec2024,3342,5162,64.742348,Residents in a care home for older adults,Betsi Cadwaladr UHB
22dec2024,3352,5116,65.519936,Residents in a care home for older adults,Betsi Cadwaladr UHB
29dec2024,3361,5090,66.031433,Residents in a care home for older adults,Betsi Cadwaladr UHB
05jan2025,3348,5051,66.283905,Residents in a care home for older adults,Betsi Cadwaladr UHB
12jan2025,3369,5001,67.366524,Residents in a care home for older adults,Betsi Cadwaladr UHB
19jan2025,3374,4956,68.079094,Residents in a care home for older adults,Betsi Cadwaladr UHB
26jan2025,3366,4928,68.303574,Residents in a care home for older adults,Betsi Cadwaladr UHB
02feb2025,3403,4907,69.349907,Residents in a care home for older adults,Betsi Cadwaladr UHB
09feb2025,3419,4869,70.219757,Residents in a care home for older adults,Betsi Cadwaladr UHB
16feb2025,3433,4838,70.959076,Residents in a care home for older adults,Betsi Cadwaladr UHB
23feb2025,3435,4800,71.5625,Residents in a care home for older adults,Betsi Cadwaladr UHB
02mar2025,3417,4762,71.755562,Residents in a care home for older adults,Betsi Cadwaladr UHB
09mar2025,3413,4721,72.294006,Residents in a care home for older adults,Betsi Cadwaladr UHB
16mar2025,3393,4689,72.360847,Residents in a care home for older adults,Betsi Cadwaladr UHB
23mar2025,3365,4651,72.350029,Residents in a care home for older adults,Betsi Cadwaladr UHB
06oct2024,12390,177783,6.9691701,Adults aged 65 years and over,Betsi Cadwaladr UHB
13oct2024,23661,177641,13.31956,Adults aged 65 years and over,Betsi Cadwaladr UHB
20oct2024,37734,177501,21.258472,Adults aged 65 years and over,Betsi Cadwaladr UHB
27oct2024,48922,177358,27.583757,Adults aged 65 years and over,Betsi Cadwaladr UHB
03nov2024,58160,177223,32.81741,Adults aged 65 years and over,Betsi Cadwaladr UHB
10nov2024,66947,177100,37.801807,Adults aged 65 years and over,Betsi Cadwaladr UHB
17nov2024,75409,176960,42.613586,Adults aged 65 years and over,Betsi Cadwaladr UHB
24nov2024,81609,176817,46.154499,Adults aged 65 years and over,Betsi Cadwaladr UHB
01dec2024,87874,176645,49.746101,Adults aged 65 years and over,Betsi Cadwaladr UHB
08dec2024,92454,176508,52.379494,Adults aged 65 years and over,Betsi Cadwaladr UHB
15dec2024,96563,176348,54.757072,Adults aged 65 years and over,Betsi Cadwaladr UHB
22dec2024,99690,176172,56.586746,Adults aged 65 years and over,Betsi Cadwaladr UHB
29dec2024,100153,176020,56.898647,Adults aged 65 years and over,Betsi Cadwaladr UHB
05jan2025,101384,175842,57.656303,Adults aged 65 years and over,Betsi Cadwaladr UHB
12jan2025,102979,175638,58.63139,Adults aged 65 years and over,Betsi Cadwaladr UHB
19jan2025,104568,175465,59.594791,Adults aged 65 years and over,Betsi Cadwaladr UHB
26jan2025,106078,175308,60.509502,Adults aged 65 years and over,Betsi Cadwaladr UHB
02feb2025,106960,175171,61.060337,Adults aged 65 years and over,Betsi Cadwaladr UHB
09feb2025,107415,175015,61.374741,Adults aged 65 years and over,Betsi Cadwaladr UHB
16feb2025,107786,174862,61.64061,Adults aged 65 years and over,Betsi Cadwaladr UHB
23feb2025,108638,174690,62.189022,Adults aged 65 years and over,Betsi Cadwaladr UHB
02mar2025,109232,174528,62.587093,Adults aged 65 years and over,Betsi Cadwaladr UHB
09mar2025,109411,174375,62.744659,Adults aged 65 years and over,Betsi Cadwaladr UHB
16mar2025,109463,174263,62.814827,Adults aged 65 years and over,Betsi Cadwaladr UHB
23mar2025,109605,174125,62.946159,Adults aged 65 years and over,Betsi Cadwaladr UHB
06oct2024,1175,94377,1.2450067,Persons aged 6 months to 64 years in a clinical risk group,Betsi Cadwaladr UHB
13oct2024,2477,94358,2.6251087,Persons aged 6 months to 64 years in a clinical risk group,Betsi Cadwaladr UHB
20oct2024,3788,94344,4.0150938,Persons aged 6 months to 64 years in a clinical risk group,Betsi Cadwaladr UHB
27oct2024,5637,94328,5.9759564,Persons aged 6 months to 64 years in a clinical risk group,Betsi Cadwaladr UHB
03nov2024,6540,94315,6.9342098,Persons aged 6 months to 64 years in a clinical risk group,Betsi Cadwaladr UHB
10nov2024,7354,94305,7.7981019,Persons aged 6 months to 64 years in a clinical risk group,Betsi Cadwaladr UHB
17nov2024,8342,94297,8.8465166,Persons aged 6 months to 64 years in a clinical risk group,Betsi Cadwaladr UHB
24nov2024,9248,94282,9.8088713,Persons aged 6 months to 64 years in a clinical risk group,Betsi Cadwaladr UHB
01dec2024,10408,94263,11.041448,Persons aged 6 months to 64 years in a clinical risk group,Betsi Cadwaladr UHB
08dec2024,11663,94251,12.374405,Persons aged 6 months to 64 years in a clinical risk group,Betsi Cadwaladr UHB
15dec2024,13729,94235,14.568897,Persons aged 6 months to 64 years in a clinical risk group,Betsi Cadwaladr UHB
22dec2024,15510,94219,16.461647,Persons aged 6 months to 64 years in a clinical risk group,Betsi Cadwaladr UHB
29dec2024,16015,94196,17.001783,Persons aged 6 months to 64 years in a clinical risk group,Betsi Cadwaladr UHB
05jan2025,16664,94179,17.693966,Persons aged 6 months to 64 years in a clinical risk group,Betsi Cadwaladr UHB
12jan2025,18079,94163,19.199686,Persons aged 6 months to 64 years in a clinical risk group,Betsi Cadwaladr UHB
19jan2025,19293,94140,20.493946,Persons aged 6 months to 64 years in a clinical risk group,Betsi Cadwaladr UHB
26jan2025,20266,94122,21.53163,Persons aged 6 months to 64 years in a clinical risk group,Betsi Cadwaladr UHB
02feb2025,21095,94112,22.414782,Persons aged 6 months to 64 years in a clinical risk group,Betsi Cadwaladr UHB
09feb2025,21554,94097,22.906151,Persons aged 6 months to 64 years in a clinical risk group,Betsi Cadwaladr UHB
16feb2025,21881,94079,23.258112,Persons aged 6 months to 64 years in a clinical risk group,Betsi Cadwaladr UHB
23feb2025,22438,94072,23.851944,Persons aged 6 months to 64 years in a clinical risk group,Betsi Cadwaladr UHB
02mar2025,22773,94050,24.213717,Persons aged 6 months to 64 years in a clinical risk group,Betsi Cadwaladr UHB
09mar2025,22823,94036,24.270493,Persons aged 6 months to 64 years in a clinical risk group,Betsi Cadwaladr UHB
16mar2025,22872,94021,24.326481,Persons aged 6 months to 64 years in a clinical risk group,Betsi Cadwaladr UHB
23mar2025,22961,94013,24.423218,Persons aged 6 months to 64 years in a clinical risk group,Betsi Cadwaladr UHB
06oct2024,13596,272292,4.9931693,All identified as potentially eligible,Betsi Cadwaladr UHB
13oct2024,26206,272131,9.629921,All identified as potentially eligible,Betsi Cadwaladr UHB
20oct2024,41590,271977,15.291735,All identified as potentially eligible,Betsi Cadwaladr UHB
27oct2024,54628,271818,20.097271,All identified as potentially eligible,Betsi Cadwaladr UHB
03nov2024,64768,271669,23.840776,All identified as potentially eligible,Betsi Cadwaladr UHB
10nov2024,74370,271536,27.388634,All identified as potentially eligible,Betsi Cadwaladr UHB
17nov2024,83821,271388,30.886038,All identified as potentially eligible,Betsi Cadwaladr UHB
24nov2024,90928,271230,33.524315,All identified as potentially eligible,Betsi Cadwaladr UHB
01dec2024,98354,271039,36.287766,All identified as potentially eligible,Betsi Cadwaladr UHB
08dec2024,104191,270890,38.462475,All identified as potentially eligible,Betsi Cadwaladr UHB
15dec2024,110365,270713,40.768269,All identified as potentially eligible,Betsi Cadwaladr UHB
22dec2024,115275,270520,42.612377,All identified as potentially eligible,Betsi Cadwaladr UHB
29dec2024,116243,270345,42.99802,All identified as potentially eligible,Betsi Cadwaladr UHB
05jan2025,118123,270150,43.724968,All identified as potentially eligible,Betsi Cadwaladr UHB
12jan2025,121133,269929,44.875874,All identified as potentially eligible,Betsi Cadwaladr UHB
19jan2025,123937,269733,45.948029,All identified as potentially eligible,Betsi Cadwaladr UHB
26jan2025,126420,269558,46.898998,All identified as potentially eligible,Betsi Cadwaladr UHB
02feb2025,128130,269410,47.559483,All identified as potentially eligible,Betsi Cadwaladr UHB
09feb2025,129045,269239,47.929535,All identified as potentially eligible,Betsi Cadwaladr UHB
16feb2025,129744,269068,48.21978,All identified as potentially eligible,Betsi Cadwaladr UHB
23feb2025,131153,268889,48.77589,All identified as potentially eligible,Betsi Cadwaladr UHB
02mar2025,132082,268705,49.155022,All identified as potentially eligible,Betsi Cadwaladr UHB
09mar2025,132313,268538,49.27161,All identified as potentially eligible,Betsi Cadwaladr UHB
16mar2025,132414,268411,49.332554,All identified as potentially eligible,Betsi Cadwaladr UHB
23mar2025,132645,268264,49.445694,All identified as potentially eligible,Betsi Cadwaladr UHB
06oct2024,425,2468,17.220421,Residents in a care home for older adults,CTM UHB
13oct2024,480,2452,19.575857,Residents in a care home for older adults,CTM UHB
20oct2024,496,2445,20.286299,Residents in a care home for older adults,CTM UHB
27oct2024,590,2428,24.299835,Residents in a care home for older adults,CTM UHB
03nov2024,827,2419,34.187679,Residents in a care home for older adults,CTM UHB
10nov2024,1062,2408,44.102989,Residents in a care home for older adults,CTM UHB
17nov2024,1185,2394,49.498745,Residents in a care home for older adults,CTM UHB
24nov2024,1288,2382,54.072208,Residents in a care home for older adults,CTM UHB
01dec2024,1427,2371,60.185577,Residents in a care home for older adults,CTM UHB
08dec2024,1478,2363,62.547607,Residents in a care home for older adults,CTM UHB
15dec2024,1491,2345,63.582088,Residents in a care home for older adults,CTM UHB
22dec2024,1503,2328,64.561859,Residents in a care home for older adults,CTM UHB
29dec2024,1496,2305,64.90239,Residents in a care home for older adults,CTM UHB
05jan2025,1505,2284,65.893173,Residents in a care home for older adults,CTM UHB
12jan2025,1557,2258,68.954826,Residents in a care home for older adults,CTM UHB
19jan2025,1565,2241,69.834892,Residents in a care home for older adults,CTM UHB
26jan2025,1580,2228,70.915619,Residents in a care home for older adults,CTM UHB
02feb2025,1581,2214,71.409218,Residents in a care home for older adults,CTM UHB
09feb2025,1591,2200,72.318184,Residents in a care home for older adults,CTM UHB
16feb2025,1613,2189,73.686615,Residents in a care home for older adults,CTM UHB
23feb2025,1628,2178,74.747475,Residents in a care home for older adults,CTM UHB
02mar2025,1628,2161,75.335495,Residents in a care home for older adults,CTM UHB
09mar2025,1624,2148,75.605217,Residents in a care home for older adults,CTM UHB
16mar2025,1614,2137,75.526436,Residents in a care home for older adults,CTM UHB
23mar2025,1604,2123,75.553459,Residents in a care home for older adults,CTM UHB
06oct2024,3650,97765,3.7334425,Adults aged 65 years and over,CTM UHB
13oct2024,8275,97674,8.4720602,Adults aged 65 years and over,CTM UHB
20oct2024,12575,97600,12.884221,Adults aged 65 years and over,CTM UHB
27oct2024,19084,97522,19.568918,Adults aged 65 years and over,CTM UHB
03nov2024,23474,97453,24.087509,Adults aged 65 years and over,CTM UHB
10nov2024,29110,97370,29.896273,Adults aged 65 years and over,CTM UHB
17nov2024,33995,97289,34.942284,Adults aged 65 years and over,CTM UHB
24nov2024,38683,97181,39.805107,Adults aged 65 years and over,CTM UHB
01dec2024,43014,97093,44.301853,Adults aged 65 years and over,CTM UHB
08dec2024,47219,97002,48.678379,Adults aged 65 years and over,CTM UHB
15dec2024,50151,96910,51.750076,Adults aged 65 years and over,CTM UHB
22dec2024,51794,96800,53.506199,Adults aged 65 years and over,CTM UHB
29dec2024,52122,96693,53.904625,Adults aged 65 years and over,CTM UHB
05jan2025,52821,96583,54.689747,Adults aged 65 years and over,CTM UHB
12jan2025,54225,96480,56.203358,Adults aged 65 years and over,CTM UHB
19jan2025,55396,96369,57.483215,Adults aged 65 years and over,CTM UHB
26jan2025,56036,96277,58.202892,Adults aged 65 years and over,CTM UHB
02feb2025,56661,96184,58.908966,Adults aged 65 years and over,CTM UHB
09feb2025,57018,96097,59.333797,Adults aged 65 years and over,CTM UHB
16feb2025,57131,95998,59.512699,Adults aged 65 years and over,CTM UHB
23feb2025,57205,95911,59.643837,Adults aged 65 years and over,CTM UHB
02mar2025,57217,95805,59.722351,Adults aged 65 years and over,CTM UHB
09mar2025,57186,95724,59.740505,Adults aged 65 years and over,CTM UHB
16mar2025,57153,95665,59.742851,Adults aged 65 years and over,CTM UHB
23mar2025,57110,95583,59.749119,Adults aged 65 years and over,CTM UHB
06oct2024,799,67365,1.1860758,Persons aged 6 months to 64 years in a clinical risk group,CTM UHB
13oct2024,1748,67353,2.5952816,Persons aged 6 months to 64 years in a clinical risk group,CTM UHB
20oct2024,3094,67335,4.5949359,Persons aged 6 months to 64 years in a clinical risk group,CTM UHB
27oct2024,4194,67325,6.2294841,Persons aged 6 months to 64 years in a clinical risk group,CTM UHB
03nov2024,5156,67315,7.6595111,Persons aged 6 months to 64 years in a clinical risk group,CTM UHB
10nov2024,6431,67298,9.5560045,Persons aged 6 months to 64 years in a clinical risk group,CTM UHB
17nov2024,7605,67290,11.301828,Persons aged 6 months to 64 years in a clinical risk group,CTM UHB
24nov2024,8796,67281,13.073527,Persons aged 6 months to 64 years in a clinical risk group,CTM UHB
01dec2024,10078,67272,14.980973,Persons aged 6 months to 64 years in a clinical risk group,CTM UHB
08dec2024,10937,67262,16.260296,Persons aged 6 months to 64 years in a clinical risk group,CTM UHB
15dec2024,12250,67250,18.215614,Persons aged 6 months to 64 years in a clinical risk group,CTM UHB
22dec2024,13157,67236,19.568386,Persons aged 6 months to 64 years in a clinical risk group,CTM UHB
29dec2024,13299,67219,19.784584,Persons aged 6 months to 64 years in a clinical risk group,CTM UHB
05jan2025,13536,67201,20.142557,Persons aged 6 months to 64 years in a clinical risk group,CTM UHB
12jan2025,13888,67189,20.67005,Persons aged 6 months to 64 years in a clinical risk group,CTM UHB
19jan2025,14200,67174,21.139132,Persons aged 6 months to 64 years in a clinical risk group,CTM UHB
26jan2025,14696,67159,21.882399,Persons aged 6 months to 64 years in a clinical risk group,CTM UHB
02feb2025,15102,67139,22.493633,Persons aged 6 months to 64 years in a clinical risk group,CTM UHB
09feb2025,15242,67131,22.704861,Persons aged 6 months to 64 years in a clinical risk group,CTM UHB
16feb2025,15508,67121,23.104542,Persons aged 6 months to 64 years in a clinical risk group,CTM UHB
23feb2025,15668,67112,23.346048,Persons aged 6 months to 64 years in a clinical risk group,CTM UHB
02mar2025,15777,67101,23.512318,Persons aged 6 months to 64 years in a clinical risk group,CTM UHB
09mar2025,15776,67092,23.513981,Persons aged 6 months to 64 years in a clinical risk group,CTM UHB
16mar2025,15777,67083,23.518625,Persons aged 6 months to 64 years in a clinical risk group,CTM UHB
23mar2025,15781,67075,23.527395,Persons aged 6 months to 64 years in a clinical risk group,CTM UHB
06oct2024,4490,165263,2.7168815,All identified as potentially eligible,CTM UHB
13oct2024,10066,165160,6.094696,All identified as potentially eligible,CTM UHB
20oct2024,15713,165068,9.5191069,All identified as potentially eligible,CTM UHB
27oct2024,23324,164978,14.137643,All identified as potentially eligible,CTM UHB
03nov2024,28689,164898,17.398027,All identified as potentially eligible,CTM UHB
10nov2024,35603,164798,21.604025,All identified as potentially eligible,CTM UHB
17nov2024,41671,164709,25.29977,All identified as potentially eligible,CTM UHB
24nov2024,47557,164592,28.893871,All identified as potentially eligible,CTM UHB
01dec2024,53172,164495,32.324387,All identified as potentially eligible,CTM UHB
08dec2024,58235,164393,35.424259,All identified as potentially eligible,CTM UHB
15dec2024,62482,164289,38.031761,All identified as potentially eligible,CTM UHB
22dec2024,65034,164165,39.615021,All identified as potentially eligible,CTM UHB
29dec2024,65504,164041,39.93148,All identified as potentially eligible,CTM UHB
05jan2025,66440,163913,40.533699,All identified as potentially eligible,CTM UHB
12jan2025,68199,163798,41.63604,All identified as potentially eligible,CTM UHB
19jan2025,69683,163672,42.574783,All identified as potentially eligible,CTM UHB
26jan2025,70818,163564,43.296814,All identified as potentially eligible,CTM UHB
02feb2025,71849,163451,43.957516,All identified as potentially eligible,CTM UHB
09feb2025,72346,163356,44.287323,All identified as potentially eligible,CTM UHB
16feb2025,72725,163247,44.549057,All identified as potentially eligible,CTM UHB
23feb2025,72958,163150,44.718357,All identified as potentially eligible,CTM UHB
02mar2025,73078,163032,44.824329,All identified as potentially eligible,CTM UHB
09mar2025,73046,162941,44.829723,All identified as potentially eligible,CTM UHB
16mar2025,73013,162872,44.828453,All identified as potentially eligible,CTM UHB
23mar2025,72974,162782,44.829281,All identified as potentially eligible,CTM UHB
06oct2024,566,2806,20.171062,Residents in a care home for older adults,Cardiff and Vale UHB
13oct2024,1273,2792,45.594555,Residents in a care home for older adults,Cardiff and Vale UHB
20oct2024,1611,2767,58.221901,Residents in a care home for older adults,Cardiff and Vale UHB
27oct2024,1675,2742,61.0868,Residents in a care home for older adults,Cardiff and Vale UHB
03nov2024,1705,2720,62.683823,Residents in a care home for older adults,Cardiff and Vale UHB
10nov2024,1706,2705,63.068394,Residents in a care home for older adults,Cardiff and Vale UHB
17nov2024,1709,2685,63.649906,Residents in a care home for older adults,Cardiff and Vale UHB
24nov2024,1716,2666,64.366089,Residents in a care home for older adults,Cardiff and Vale UHB
01dec2024,1707,2647,64.488098,Residents in a care home for older adults,Cardiff and Vale UHB
08dec2024,1708,2634,64.844345,Residents in a care home for older adults,Cardiff and Vale UHB
15dec2024,1697,2614,64.919662,Residents in a care home for older adults,Cardiff and Vale UHB
22dec2024,1687,2595,65.009636,Residents in a care home for older adults,Cardiff and Vale UHB
29dec2024,1682,2580,65.193802,Residents in a care home for older adults,Cardiff and Vale UHB
05jan2025,1664,2558,65.050819,Residents in a care home for older adults,Cardiff and Vale UHB
12jan2025,1662,2545,65.30452,Residents in a care home for older adults,Cardiff and Vale UHB
19jan2025,1648,2525,65.267326,Residents in a care home for older adults,Cardiff and Vale UHB
26jan2025,1823,2502,72.86171,Residents in a care home for older adults,Cardiff and Vale UHB
02feb2025,1814,2484,73.027374,Residents in a care home for older adults,Cardiff and Vale UHB
09feb2025,1811,2474,73.201294,Residents in a care home for older adults,Cardiff and Vale UHB
16feb2025,1796,2457,73.097275,Residents in a care home for older adults,Cardiff and Vale UHB
23feb2025,1781,2439,73.021729,Residents in a care home for older adults,Cardiff and Vale UHB
02mar2025,1773,2428,73.023064,Residents in a care home for older adults,Cardiff and Vale UHB
09mar2025,1766,2417,73.065781,Residents in a care home for older adults,Cardiff and Vale UHB
16mar2025,1762,2410,73.11203,Residents in a care home for older adults,Cardiff and Vale UHB
23mar2025,1755,2400,73.125,Residents in a care home for older adults,Cardiff and Vale UHB
06oct2024,3601,95405,3.7744353,Adults aged 65 years and over,Cardiff and Vale UHB
13oct2024,6675,95340,7.0012589,Adults aged 65 years and over,Cardiff and Vale UHB
20oct2024,8882,95264,9.3235636,Adults aged 65 years and over,Cardiff and Vale UHB
27oct2024,15786,95185,16.584545,Adults aged 65 years and over,Cardiff and Vale UHB
03nov2024,22728,95112,23.896038,Adults aged 65 years and over,Cardiff and Vale UHB
10nov2024,29388,95052,30.917814,Adults aged 65 years and over,Cardiff and Vale UHB
17nov2024,35783,94980,37.674248,Adults aged 65 years and over,Cardiff and Vale UHB
24nov2024,42221,94892,44.49374,Adults aged 65 years and over,Cardiff and Vale UHB
01dec2024,47826,94795,50.452026,Adults aged 65 years and over,Cardiff and Vale UHB
08dec2024,51347,94725,54.206387,Adults aged 65 years and over,Cardiff and Vale UHB
15dec2024,54105,94630,57.175316,Adults aged 65 years and over,Cardiff and Vale UHB
22dec2024,55311,94550,58.499207,Adults aged 65 years and over,Cardiff and Vale UHB
29dec2024,55709,94477,58.965675,Adults aged 65 years and over,Cardiff and Vale UHB
05jan2025,56712,94395,60.079453,Adults aged 65 years and over,Cardiff and Vale UHB
12jan2025,57348,94329,60.795727,Adults aged 65 years and over,Cardiff and Vale UHB
19jan2025,57630,94214,61.169254,Adults aged 65 years and over,Cardiff and Vale UHB
26jan2025,58079,94120,61.707394,Adults aged 65 years and over,Cardiff and Vale UHB
02feb2025,58256,94037,61.950085,Adults aged 65 years and over,Cardiff and Vale UHB
09feb2025,58304,93958,62.053257,Adults aged 65 years and over,Cardiff and Vale UHB
16feb2025,58299,93871,62.105442,Adults aged 65 years and over,Cardiff and Vale UHB
23feb2025,58345,93800,62.201492,Adults aged 65 years and over,Cardiff and Vale UHB
02mar2025,58330,93726,62.2346,Adults aged 65 years and over,Cardiff and Vale UHB
09mar2025,58298,93650,62.250935,Adults aged 65 years and over,Cardiff and Vale UHB
16mar2025,58273,93579,62.27145,Adults aged 65 years and over,Cardiff and Vale UHB
23mar2025,58238,93519,62.273975,Adults aged 65 years and over,Cardiff and Vale UHB
06oct2024,238,61906,0.38445386,Persons aged 6 months to 64 years in a clinical risk group,Cardiff and Vale UHB
13oct2024,509,61896,0.82234716,Persons aged 6 months to 64 years in a clinical risk group,Cardiff and Vale UHB
20oct2024,696,61885,1.1246667,Persons aged 6 months to 64 years in a clinical risk group,Cardiff and Vale UHB
27oct2024,829,61877,1.3397547,Persons aged 6 months to 64 years in a clinical risk group,Cardiff and Vale UHB
03nov2024,986,61871,1.5936384,Persons aged 6 months to 64 years in a clinical risk group,Cardiff and Vale UHB
10nov2024,1226,61860,1.9818946,Persons aged 6 months to 64 years in a clinical risk group,Cardiff and Vale UHB
17nov2024,1889,61853,3.0540152,Persons aged 6 months to 64 years in a clinical risk group,Cardiff and Vale UHB
24nov2024,2576,61848,4.16505,Persons aged 6 months to 64 years in a clinical risk group,Cardiff and Vale UHB
01dec2024,3326,61843,5.3781347,Persons aged 6 months to 64 years in a clinical risk group,Cardiff and Vale UHB
08dec2024,3944,61835,6.3782649,Persons aged 6 months to 64 years in a clinical risk group,Cardiff and Vale UHB
15dec2024,6347,61825,10.266073,Persons aged 6 months to 64 years in a clinical risk group,Cardiff and Vale UHB
22dec2024,9004,61807,14.567929,Persons aged 6 months to 64 years in a clinical risk group,Cardiff and Vale UHB
29dec2024,9986,61798,16.1591,Persons aged 6 months to 64 years in a clinical risk group,Cardiff and Vale UHB
05jan2025,11484,61787,18.586433,Persons aged 6 months to 64 years in a clinical risk group,Cardiff and Vale UHB
12jan2025,12652,61775,20.480778,Persons aged 6 months to 64 years in a clinical risk group,Cardiff and Vale UHB
19jan2025,13557,61756,21.952522,Persons aged 6 months to 64 years in a clinical risk group,Cardiff and Vale UHB
26jan2025,14629,61748,23.691456,Persons aged 6 months to 64 years in a clinical risk group,Cardiff and Vale UHB
02feb2025,14905,61735,24.143517,Persons aged 6 months to 64 years in a clinical risk group,Cardiff and Vale UHB
09feb2025,14937,61726,24.198879,Persons aged 6 months to 64 years in a clinical risk group,Cardiff and Vale UHB
16feb2025,14987,61717,24.283422,Persons aged 6 months to 64 years in a clinical risk group,Cardiff and Vale UHB
23feb2025,15023,61709,24.34491,Persons aged 6 months to 64 years in a clinical risk group,Cardiff and Vale UHB
02mar2025,15052,61698,24.396254,Persons aged 6 months to 64 years in a clinical risk group,Cardiff and Vale UHB
09mar2025,15062,61687,24.416815,Persons aged 6 months to 64 years in a clinical risk group,Cardiff and Vale UHB
16mar2025,15066,61675,24.428051,Persons aged 6 months to 64 years in a clinical risk group,Cardiff and Vale UHB
23mar2025,15064,61666,24.428371,Persons aged 6 months to 64 years in a clinical risk group,Cardiff and Vale UHB
06oct2024,3864,157668,2.4507191,All identified as potentially eligible,Cardiff and Vale UHB
13oct2024,7261,157593,4.6074381,All identified as potentially eligible,Cardiff and Vale UHB
20oct2024,9710,157505,6.1648836,All identified as potentially eligible,Cardiff and Vale UHB
27oct2024,16761,157417,10.647516,All identified as potentially eligible,Cardiff and Vale UHB
03nov2024,23862,157338,15.166076,All identified as potentially eligible,Cardiff and Vale UHB
10nov2024,30765,157265,19.562521,All identified as potentially eligible,Cardiff and Vale UHB
17nov2024,37824,157186,24.063211,All identified as potentially eligible,Cardiff and Vale UHB
24nov2024,44956,157093,28.617443,All identified as potentially eligible,Cardiff and Vale UHB
01dec2024,51311,156991,32.68404,All identified as potentially eligible,Cardiff and Vale UHB
08dec2024,55449,156912,35.337643,All identified as potentially eligible,Cardiff and Vale UHB
15dec2024,60609,156804,38.652714,All identified as potentially eligible,Cardiff and Vale UHB
22dec2024,64473,156706,41.142651,All identified as potentially eligible,Cardiff and Vale UHB
29dec2024,65853,156623,42.045547,All identified as potentially eligible,Cardiff and Vale UHB
05jan2025,68354,156530,43.668308,All identified as potentially eligible,Cardiff and Vale UHB
12jan2025,70158,156452,44.843147,All identified as potentially eligible,Cardiff and Vale UHB
19jan2025,71345,156318,45.640938,All identified as potentially eligible,Cardiff and Vale UHB
26jan2025,72873,156214,46.649467,All identified as potentially eligible,Cardiff and Vale UHB
02feb2025,73326,156118,46.968319,All identified as potentially eligible,Cardiff and Vale UHB
09feb2025,73408,156030,47.047363,All identified as potentially eligible,Cardiff and Vale UHB
16feb2025,73453,155934,47.105186,All identified as potentially eligible,Cardiff and Vale UHB
23feb2025,73535,155855,47.181675,All identified as potentially eligible,Cardiff and Vale UHB
02mar2025,73549,155769,47.216713,All identified as potentially eligible,Cardiff and Vale UHB
09mar2025,73527,155682,47.228966,All identified as potentially eligible,Cardiff and Vale UHB
16mar2025,73506,155599,47.240662,All identified as potentially eligible,Cardiff and Vale UHB
23mar2025,73469,155529,47.238136,All identified as potentially eligible,Cardiff and Vale UHB
06oct2024,266,2450,10.857142,Residents in a care home for older adults,Hywel Dda UHB
13oct2024,615,2433,25.277435,Residents in a care home for older adults,Hywel Dda UHB
20oct2024,851,2424,35.107262,Residents in a care home for older adults,Hywel Dda UHB
27oct2024,1059,2409,43.960148,Residents in a care home for older adults,Hywel Dda UHB
03nov2024,1275,2395,53.235909,Residents in a care home for older adults,Hywel Dda UHB
10nov2024,1385,2380,58.193275,Residents in a care home for older adults,Hywel Dda UHB
17nov2024,1473,2360,62.415253,Residents in a care home for older adults,Hywel Dda UHB
24nov2024,1519,2343,64.831413,Residents in a care home for older adults,Hywel Dda UHB
01dec2024,1548,2327,66.523422,Residents in a care home for older adults,Hywel Dda UHB
08dec2024,1568,2317,67.673714,Residents in a care home for older adults,Hywel Dda UHB
15dec2024,1563,2300,67.95652,Residents in a care home for older adults,Hywel Dda UHB
22dec2024,1580,2284,69.17688,Residents in a care home for older adults,Hywel Dda UHB
29dec2024,1571,2269,69.237549,Residents in a care home for older adults,Hywel Dda UHB
05jan2025,1557,2245,69.354118,Residents in a care home for older adults,Hywel Dda UHB
12jan2025,1546,2218,69.702438,Residents in a care home for older adults,Hywel Dda UHB
19jan2025,1548,2198,70.427658,Residents in a care home for older adults,Hywel Dda UHB
26jan2025,1569,2172,72.237572,Residents in a care home for older adults,Hywel Dda UHB
02feb2025,1577,2160,73.009262,Residents in a care home for older adults,Hywel Dda UHB
09feb2025,1562,2134,73.195877,Residents in a care home for older adults,Hywel Dda UHB
16feb2025,1554,2115,73.475174,Residents in a care home for older adults,Hywel Dda UHB
23feb2025,1546,2101,73.584007,Residents in a care home for older adults,Hywel Dda UHB
02mar2025,1538,2086,73.72963,Residents in a care home for older adults,Hywel Dda UHB
09mar2025,1523,2068,73.646034,Residents in a care home for older adults,Hywel Dda UHB
16mar2025,1516,2059,73.627975,Residents in a care home for older adults,Hywel Dda UHB
23mar2025,1510,2048,73.730469,Residents in a care home for older adults,Hywel Dda UHB
06oct2024,10499,108084,9.7137413,Adults aged 65 years and over,Hywel Dda UHB
13oct2024,22470,108012,20.803244,Adults aged 65 years and over,Hywel Dda UHB
20oct2024,29789,107940,27.59774,Adults aged 65 years and over,Hywel Dda UHB
27oct2024,36878,107856,34.191887,Adults aged 65 years and over,Hywel Dda UHB
03nov2024,40430,107781,37.51125,Adults aged 65 years and over,Hywel Dda UHB
10nov2024,44363,107688,41.195862,Adults aged 65 years and over,Hywel Dda UHB
17nov2024,47479,107608,44.122185,Adults aged 65 years and over,Hywel Dda UHB
24nov2024,49437,107497,45.989189,Adults aged 65 years and over,Hywel Dda UHB
01dec2024,50808,107397,47.308582,Adults aged 65 years and over,Hywel Dda UHB
08dec2024,52103,107327,48.546032,Adults aged 65 years and over,Hywel Dda UHB
15dec2024,52784,107222,49.228703,Adults aged 65 years and over,Hywel Dda UHB
22dec2024,53402,107096,49.863674,Adults aged 65 years and over,Hywel Dda UHB
29dec2024,53532,106995,50.032246,Adults aged 65 years and over,Hywel Dda UHB
05jan2025,54151,106870,50.669971,Adults aged 65 years and over,Hywel Dda UHB
12jan2025,55508,106757,51.994717,Adults aged 65 years and over,Hywel Dda UHB
19jan2025,56399,106650,52.882324,Adults aged 65 years and over,Hywel Dda UHB
26jan2025,57179,106549,53.664513,Adults aged 65 years and over,Hywel Dda UHB
02feb2025,58212,106456,54.681747,Adults aged 65 years and over,Hywel Dda UHB
09feb2025,59262,106364,55.716221,Adults aged 65 years and over,Hywel Dda UHB
16feb2025,60308,106265,56.752457,Adults aged 65 years and over,Hywel Dda UHB
23feb2025,60955,106186,57.403988,Adults aged 65 years and over,Hywel Dda UHB
02mar2025,61459,106119,57.915173,Adults aged 65 years and over,Hywel Dda UHB
09mar2025,62168,106027,58.634121,Adults aged 65 years and over,Hywel Dda UHB
16mar2025,62525,105971,59.001991,Adults aged 65 years and over,Hywel Dda UHB
23mar2025,62792,105912,59.286957,Adults aged 65 years and over,Hywel Dda UHB
06oct2024,1038,52419,1.980198,Persons aged 6 months to 64 years in a clinical risk group,Hywel Dda UHB
13oct2024,2605,52414,4.970046,Persons aged 6 months to 64 years in a clinical risk group,Hywel Dda UHB
20oct2024,3811,52406,7.272068,Persons aged 6 months to 64 years in a clinical risk group,Hywel Dda UHB
27oct2024,5132,52398,9.7942667,Persons aged 6 months to 64 years in a clinical risk group,Hywel Dda UHB
03nov2024,5655,52395,10.793015,Persons aged 6 months to 64 years in a clinical risk group,Hywel Dda UHB
10nov2024,6307,52394,12.037638,Persons aged 6 months to 64 years in a clinical risk group,Hywel Dda UHB
17nov2024,6931,52390,13.229624,Persons aged 6 months to 64 years in a clinical risk group,Hywel Dda UHB
24nov2024,7524,52380,14.364262,Persons aged 6 months to 64 years in a clinical risk group,Hywel Dda UHB
01dec2024,7849,52373,14.98673,Persons aged 6 months to 64 years in a clinical risk group,Hywel Dda UHB
08dec2024,8099,52366,15.466142,Persons aged 6 months to 64 years in a clinical risk group,Hywel Dda UHB
15dec2024,8223,52359,15.705036,Persons aged 6 months to 64 years in a clinical risk group,Hywel Dda UHB
22dec2024,8425,52357,16.09145,Persons aged 6 months to 64 years in a clinical risk group,Hywel Dda UHB
29dec2024,8470,52348,16.18018,Persons aged 6 months to 64 years in a clinical risk group,Hywel Dda UHB
05jan2025,8582,52336,16.39789,Persons aged 6 months to 64 years in a clinical risk group,Hywel Dda UHB
12jan2025,9144,52327,17.474726,Persons aged 6 months to 64 years in a clinical risk group,Hywel Dda UHB
19jan2025,9473,52320,18.105886,Persons aged 6 months to 64 years in a clinical risk group,Hywel Dda UHB
26jan2025,10020,52311,19.154671,Persons aged 6 months to 64 years in a clinical risk group,Hywel Dda UHB
02feb2025,10313,52305,19.717045,Persons aged 6 months to 64 years in a clinical risk group,Hywel Dda UHB
09feb2025,10568,52296,20.208046,Persons aged 6 months to 64 years in a clinical risk group,Hywel Dda UHB
16feb2025,10757,52290,20.571812,Persons aged 6 months to 64 years in a clinical risk group,Hywel Dda UHB
23feb2025,11098,52282,21.227192,Persons aged 6 months to 64 years in a clinical risk group,Hywel Dda UHB
02mar2025,11327,52272,21.669346,Persons aged 6 months to 64 years in a clinical risk group,Hywel Dda UHB
09mar2025,11532,52263,22.065323,Persons aged 6 months to 64 years in a clinical risk group,Hywel Dda UHB
16mar2025,11710,52257,22.408482,Persons aged 6 months to 64 years in a clinical risk group,Hywel Dda UHB
23mar2025,11978,52249,22.924841,Persons aged 6 months to 64 years in a clinical risk group,Hywel Dda UHB
06oct2024,11545,160575,7.1897869,All identified as potentially eligible,Hywel Dda UHB
13oct2024,25088,160498,15.631348,All identified as potentially eligible,Hywel Dda UHB
20oct2024,33616,160417,20.955385,All identified as potentially eligible,Hywel Dda UHB
27oct2024,42037,160325,26.219866,All identified as potentially eligible,Hywel Dda UHB
03nov2024,46124,160246,28.783245,All identified as potentially eligible,Hywel Dda UHB
10nov2024,50715,160152,31.666792,All identified as potentially eligible,Hywel Dda UHB
17nov2024,54455,160068,34.019917,All identified as potentially eligible,Hywel Dda UHB
24nov2024,57008,159947,35.641808,All identified as potentially eligible,Hywel Dda UHB
01dec2024,58706,159840,36.727978,All identified as potentially eligible,Hywel Dda UHB
08dec2024,60251,159763,37.712738,All identified as potentially eligible,Hywel Dda UHB
15dec2024,61056,159651,38.24342,All identified as potentially eligible,Hywel Dda UHB
22dec2024,61877,159523,38.788765,All identified as potentially eligible,Hywel Dda UHB
29dec2024,62052,159413,38.925308,All identified as potentially eligible,Hywel Dda UHB
05jan2025,62783,159276,39.41774,All identified as potentially eligible,Hywel Dda UHB
12jan2025,64702,159154,40.653706,All identified as potentially eligible,Hywel Dda UHB
19jan2025,65922,159040,41.449951,All identified as potentially eligible,Hywel Dda UHB
26jan2025,67249,158930,42.313599,All identified as potentially eligible,Hywel Dda UHB
02feb2025,68575,158831,43.17482,All identified as potentially eligible,Hywel Dda UHB
09feb2025,69880,158730,44.024445,All identified as potentially eligible,Hywel Dda UHB
16feb2025,71117,158625,44.833412,All identified as potentially eligible,Hywel Dda UHB
23feb2025,72105,158538,45.481209,All identified as potentially eligible,Hywel Dda UHB
02mar2025,72838,158461,45.965885,All identified as potentially eligible,Hywel Dda UHB
09mar2025,73752,158360,46.572369,All identified as potentially eligible,Hywel Dda UHB
16mar2025,74287,158297,46.928875,All identified as potentially eligible,Hywel Dda UHB
23mar2025,74822,158230,47.286861,All identified as potentially eligible,Hywel Dda UHB
06oct2024,369,1075,34.325581,Residents in a care home for older adults,Powys THB
13oct2024,697,1063,65.569145,Residents in a care home for older adults,Powys THB
20oct2024,701,1058,66.257088,Residents in a care home for older adults,Powys THB
27oct2024,708,1050,67.428574,Residents in a care home for older adults,Powys THB
03nov2024,724,1042,69.481766,Residents in a care home for older adults,Powys THB
10nov2024,727,1035,70.241547,Residents in a care home for older adults,Powys THB
17nov2024,727,1027,70.788704,Residents in a care home for older adults,Powys THB
24nov2024,732,1020,71.764709,Residents in a care home for older adults,Powys THB
01dec2024,747,1013,73.741364,Residents in a care home for older adults,Powys THB
08dec2024,757,1009,75.02478,Residents in a care home for older adults,Powys THB
15dec2024,766,1001,76.523476,Residents in a care home for older adults,Powys THB
22dec2024,765,992,77.116936,Residents in a care home for older adults,Powys THB
29dec2024,760,986,77.079109,Residents in a care home for older adults,Powys THB
05jan2025,755,977,77.277382,Residents in a care home for older adults,Powys THB
12jan2025,750,971,77.23996,Residents in a care home for older adults,Powys THB
19jan2025,745,963,77.362411,Residents in a care home for older adults,Powys THB
26jan2025,744,958,77.661797,Residents in a care home for older adults,Powys THB
02feb2025,746,953,78.279121,Residents in a care home for older adults,Powys THB
09feb2025,753,944,79.766953,Residents in a care home for older adults,Powys THB
16feb2025,750,938,79.957359,Residents in a care home for older adults,Powys THB
23feb2025,747,935,79.893051,Residents in a care home for older adults,Powys THB
02mar2025,742,927,80.043152,Residents in a care home for older adults,Powys THB
09mar2025,737,920,80.108696,Residents in a care home for older adults,Powys THB
16mar2025,734,916,80.131004,Residents in a care home for older adults,Powys THB
23mar2025,731,912,80.153511,Residents in a care home for older adults,Powys THB
06oct2024,692,41478,1.6683543,Adults aged 65 years and over,Powys THB
13oct2024,1375,41446,3.3175697,Adults aged 65 years and over,Powys THB
20oct2024,3918,41414,9.4605684,Adults aged 65 years and over,Powys THB
27oct2024,7745,41388,18.713154,Adults aged 65 years and over,Powys THB
03nov2024,10784,41360,26.073502,Adults aged 65 years and over,Powys THB
10nov2024,14210,41329,34.382637,Adults aged 65 years and over,Powys THB
17nov2024,16762,41300,40.585957,Adults aged 65 years and over,Powys THB
24nov2024,19080,41271,46.23101,Adults aged 65 years and over,Powys THB
01dec2024,21302,41248,51.643715,Adults aged 65 years and over,Powys THB
08dec2024,22316,41223,54.134827,Adults aged 65 years and over,Powys THB
15dec2024,22901,41190,55.598446,Adults aged 65 years and over,Powys THB
22dec2024,23245,41159,56.476105,Adults aged 65 years and over,Powys THB
29dec2024,23299,41120,56.660992,Adults aged 65 years and over,Powys THB
05jan2025,23545,41081,57.313599,Adults aged 65 years and over,Powys THB
12jan2025,23819,41042,58.035671,Adults aged 65 years and over,Powys THB
19jan2025,24008,40999,58.557526,Adults aged 65 years and over,Powys THB
26jan2025,24188,40965,59.045528,Adults aged 65 years and over,Powys THB
02feb2025,24262,40934,59.271023,Adults aged 65 years and over,Powys THB
09feb2025,24277,40892,59.36858,Adults aged 65 years and over,Powys THB
16feb2025,24281,40861,59.423412,Adults aged 65 years and over,Powys THB
23feb2025,24286,40831,59.479317,Adults aged 65 years and over,Powys THB
02mar2025,24280,40802,59.506886,Adults aged 65 years and over,Powys THB
09mar2025,24259,40754,59.525444,Adults aged 65 years and over,Powys THB
16mar2025,24258,40733,59.55368,Adults aged 65 years and over,Powys THB
23mar2025,24254,40709,59.578964,Adults aged 65 years and over,Powys THB
06oct2024,62,16441,0.37710601,Persons aged 6 months to 64 years in a clinical risk group,Powys THB
13oct2024,114,16439,0.69347286,Persons aged 6 months to 64 years in a clinical risk group,Powys THB
20oct2024,502,16438,3.0538995,Persons aged 6 months to 64 years in a clinical risk group,Powys THB
27oct2024,723,16435,4.399148,Persons aged 6 months to 64 years in a clinical risk group,Powys THB
03nov2024,950,16435,5.7803469,Persons aged 6 months to 64 years in a clinical risk group,Powys THB
10nov2024,1136,16434,6.9124985,Persons aged 6 months to 64 years in a clinical risk group,Powys THB
17nov2024,1257,16433,7.6492424,Persons aged 6 months to 64 years in a clinical risk group,Powys THB
24nov2024,1424,16430,8.6670723,Persons aged 6 months to 64 years in a clinical risk group,Powys THB
01dec2024,1614,16426,9.8258858,Persons aged 6 months to 64 years in a clinical risk group,Powys THB
08dec2024,2540,16421,15.467999,Persons aged 6 months to 64 years in a clinical risk group,Powys THB
15dec2024,3510,16417,21.380276,Persons aged 6 months to 64 years in a clinical risk group,Powys THB
22dec2024,3795,16413,23.121916,Persons aged 6 months to 64 years in a clinical risk group,Powys THB
29dec2024,3845,16408,23.433691,Persons aged 6 months to 64 years in a clinical risk group,Powys THB
05jan2025,3931,16405,23.962206,Persons aged 6 months to 64 years in a clinical risk group,Powys THB
12jan2025,4039,16404,24.622044,Persons aged 6 months to 64 years in a clinical risk group,Powys THB
19jan2025,4103,16401,25.016768,Persons aged 6 months to 64 years in a clinical risk group,Powys THB
26jan2025,4218,16397,25.724218,Persons aged 6 months to 64 years in a clinical risk group,Powys THB
02feb2025,4407,16397,26.876867,Persons aged 6 months to 64 years in a clinical risk group,Powys THB
09feb2025,4498,16395,27.435194,Persons aged 6 months to 64 years in a clinical risk group,Powys THB
16feb2025,4565,16393,27.847252,Persons aged 6 months to 64 years in a clinical risk group,Powys THB
23feb2025,4616,16390,28.163515,Persons aged 6 months to 64 years in a clinical risk group,Powys THB
02mar2025,4643,16387,28.333435,Persons aged 6 months to 64 years in a clinical risk group,Powys THB
09mar2025,4652,16384,28.393555,Persons aged 6 months to 64 years in a clinical risk group,Powys THB
16mar2025,4672,16381,28.520847,Persons aged 6 months to 64 years in a clinical risk group,Powys THB
23mar2025,4681,16381,28.575788,Persons aged 6 months to 64 years in a clinical risk group,Powys THB
06oct2024,762,57944,1.3150628,All identified as potentially eligible,Powys THB
13oct2024,1501,57910,2.591953,All identified as potentially eligible,Powys THB
20oct2024,4432,57877,7.6576185,All identified as potentially eligible,Powys THB
27oct2024,8480,57848,14.659106,All identified as potentially eligible,Powys THB
03nov2024,11747,57820,20.3165,All identified as potentially eligible,Powys THB
10nov2024,15359,57788,26.578182,All identified as potentially eligible,Powys THB
17nov2024,18032,57758,31.219917,All identified as potentially eligible,Powys THB
24nov2024,20517,57726,35.542042,All identified as potentially eligible,Powys THB
01dec2024,22930,57699,39.740723,All identified as potentially eligible,Powys THB
08dec2024,24871,57669,43.127155,All identified as potentially eligible,Powys THB
15dec2024,26425,57631,45.852058,All identified as potentially eligible,Powys THB
22dec2024,27054,57596,46.972012,All identified as potentially eligible,Powys THB
29dec2024,27158,57552,47.188629,All identified as potentially eligible,Powys THB
05jan2025,27490,57510,47.800381,All identified as potentially eligible,Powys THB
12jan2025,27872,57470,48.498348,All identified as potentially eligible,Powys THB
19jan2025,28125,57424,48.977779,All identified as potentially eligible,Powys THB
26jan2025,28420,57386,49.524273,All identified as potentially eligible,Powys THB
02feb2025,28683,57355,50.00959,All identified as potentially eligible,Powys THB
09feb2025,28790,57311,50.234684,All identified as potentially eligible,Powys THB
16feb2025,28862,57278,50.389328,All identified as potentially eligible,Powys THB
23feb2025,28917,57244,50.515339,All identified as potentially eligible,Powys THB
02mar2025,28938,57211,50.581181,All identified as potentially eligible,Powys THB
09mar2025,28926,57160,50.60532,All identified as potentially eligible,Powys THB
16mar2025,28945,57136,50.659828,All identified as potentially eligible,Powys THB
23mar2025,28950,57112,50.689873,All identified as potentially eligible,Powys THB
06oct2024,419,2161,19.389172,Residents in a care home for older adults,Swansea Bay UHB
13oct2024,520,2151,24.174803,Residents in a care home for older adults,Swansea Bay UHB
20oct2024,728,2138,34.050514,Residents in a care home for older adults,Swansea Bay UHB
27oct2024,1045,2118,49.339001,Residents in a care home for older adults,Swansea Bay UHB
03nov2024,1208,2109,57.278332,Residents in a care home for older adults,Swansea Bay UHB
10nov2024,1307,2100,62.238094,Residents in a care home for older adults,Swansea Bay UHB
17nov2024,1425,2094,68.051575,Residents in a care home for older adults,Swansea Bay UHB
24nov2024,1482,2078,71.318573,Residents in a care home for older adults,Swansea Bay UHB
01dec2024,1497,2068,72.388779,Residents in a care home for older adults,Swansea Bay UHB
08dec2024,1505,2058,73.12925,Residents in a care home for older adults,Swansea Bay UHB
15dec2024,1508,2043,73.813019,Residents in a care home for older adults,Swansea Bay UHB
22dec2024,1492,2022,73.78833,Residents in a care home for older adults,Swansea Bay UHB
29dec2024,1477,2001,73.813095,Residents in a care home for older adults,Swansea Bay UHB
05jan2025,1473,1993,73.908684,Residents in a care home for older adults,Swansea Bay UHB
12jan2025,1463,1976,74.03846,Residents in a care home for older adults,Swansea Bay UHB
19jan2025,1461,1962,74.464828,Residents in a care home for older adults,Swansea Bay UHB
26jan2025,1446,1943,74.420998,Residents in a care home for older adults,Swansea Bay UHB
02feb2025,1441,1934,74.508789,Residents in a care home for older adults,Swansea Bay UHB
09feb2025,1430,1909,74.908325,Residents in a care home for older adults,Swansea Bay UHB
16feb2025,1424,1896,75.105484,Residents in a care home for older adults,Swansea Bay UHB
23feb2025,1410,1878,75.079872,Residents in a care home for older adults,Swansea Bay UHB
02mar2025,1402,1866,75.13398,Residents in a care home for older adults,Swansea Bay UHB
09mar2025,1391,1851,75.148567,Residents in a care home for older adults,Swansea Bay UHB
16mar2025,1387,1846,75.135429,Residents in a care home for older adults,Swansea Bay UHB
23mar2025,1385,1843,75.149216,Residents in a care home for older adults,Swansea Bay UHB
06oct2024,10609,88142,12.03626,Adults aged 65 years and over,Swansea Bay UHB
13oct2024,19925,88086,22.61994,Adults aged 65 years and over,Swansea Bay UHB
20oct2024,27127,88015,30.820883,Adults aged 65 years and over,Swansea Bay UHB
27oct2024,32133,87936,36.541348,Adults aged 65 years and over,Swansea Bay UHB
03nov2024,34794,87875,39.594879,Adults aged 65 years and over,Swansea Bay UHB
10nov2024,37519,87822,42.721642,Adults aged 65 years and over,Swansea Bay UHB
17nov2024,39801,87769,45.347446,Adults aged 65 years and over,Swansea Bay UHB
24nov2024,42007,87694,47.901794,Adults aged 65 years and over,Swansea Bay UHB
01dec2024,43367,87619,49.494972,Adults aged 65 years and over,Swansea Bay UHB
08dec2024,44439,87554,50.756104,Adults aged 65 years and over,Swansea Bay UHB
15dec2024,45037,87463,51.49263,Adults aged 65 years and over,Swansea Bay UHB
22dec2024,45976,87378,52.617363,Adults aged 65 years and over,Swansea Bay UHB
29dec2024,45977,87293,52.669743,Adults aged 65 years and over,Swansea Bay UHB
05jan2025,46015,87204,52.767075,Adults aged 65 years and over,Swansea Bay UHB
12jan2025,46193,87117,53.024094,Adults aged 65 years and over,Swansea Bay UHB
19jan2025,46242,87023,53.137676,Adults aged 65 years and over,Swansea Bay UHB
26jan2025,46270,86934,53.224285,Adults aged 65 years and over,Swansea Bay UHB
02feb2025,46276,86848,53.283897,Adults aged 65 years and over,Swansea Bay UHB
09feb2025,46235,86745,53.299904,Adults aged 65 years and over,Swansea Bay UHB
16feb2025,46219,86670,53.327564,Adults aged 65 years and over,Swansea Bay UHB
23feb2025,46182,86580,53.340263,Adults aged 65 years and over,Swansea Bay UHB
02mar2025,46144,86504,53.343197,Adults aged 65 years and over,Swansea Bay UHB
09mar2025,46096,86424,53.337036,Adults aged 65 years and over,Swansea Bay UHB
16mar2025,46066,86364,53.339355,Adults aged 65 years and over,Swansea Bay UHB
23mar2025,46042,86316,53.341213,Adults aged 65 years and over,Swansea Bay UHB
06oct2024,1140,52158,2.1856666,Persons aged 6 months to 64 years in a clinical risk group,Swansea Bay UHB
13oct2024,2231,52153,4.2777982,Persons aged 6 months to 64 years in a clinical risk group,Swansea Bay UHB
20oct2024,3770,52144,7.2299786,Persons aged 6 months to 64 years in a clinical risk group,Swansea Bay UHB
27oct2024,4713,52137,9.0396452,Persons aged 6 months to 64 years in a clinical risk group,Swansea Bay UHB
03nov2024,5305,52127,10.177068,Persons aged 6 months to 64 years in a clinical risk group,Swansea Bay UHB
10nov2024,5905,52121,11.329407,Persons aged 6 months to 64 years in a clinical risk group,Swansea Bay UHB
17nov2024,6671,52115,12.800537,Persons aged 6 months to 64 years in a clinical risk group,Swansea Bay UHB
24nov2024,7368,52102,14.141492,Persons aged 6 months to 64 years in a clinical risk group,Swansea Bay UHB
01dec2024,8135,52096,15.615402,Persons aged 6 months to 64 years in a clinical risk group,Swansea Bay UHB
08dec2024,8965,52085,17.21225,Persons aged 6 months to 64 years in a clinical risk group,Swansea Bay UHB
15dec2024,9584,52072,18.405285,Persons aged 6 months to 64 years in a clinical risk group,Swansea Bay UHB
22dec2024,10081,52057,19.365311,Persons aged 6 months to 64 years in a clinical risk group,Swansea Bay UHB
29dec2024,10090,52045,19.38707,Persons aged 6 months to 64 years in a clinical risk group,Swansea Bay UHB
05jan2025,10164,52029,19.535259,Persons aged 6 months to 64 years in a clinical risk group,Swansea Bay UHB
12jan2025,10252,52020,19.707806,Persons aged 6 months to 64 years in a clinical risk group,Swansea Bay UHB
19jan2025,10319,52010,19.840416,Persons aged 6 months to 64 years in a clinical risk group,Swansea Bay UHB
26jan2025,10374,51995,19.951918,Persons aged 6 months to 64 years in a clinical risk group,Swansea Bay UHB
02feb2025,10417,51981,20.040014,Persons aged 6 months to 64 years in a clinical risk group,Swansea Bay UHB
09feb2025,10421,51969,20.05234,Persons aged 6 months to 64 years in a clinical risk group,Swansea Bay UHB
16feb2025,10422,51962,20.056965,Persons aged 6 months to 64 years in a clinical risk group,Swansea Bay UHB
23feb2025,10432,51951,20.08046,Persons aged 6 months to 64 years in a clinical risk group,Swansea Bay UHB
02mar2025,10433,51944,20.085093,Persons aged 6 months to 64 years in a clinical risk group,Swansea Bay UHB
09mar2025,10432,51937,20.085873,Persons aged 6 months to 64 years in a clinical risk group,Swansea Bay UHB
16mar2025,10432,51934,20.087034,Persons aged 6 months to 64 years in a clinical risk group,Swansea Bay UHB
23mar2025,10431,51926,20.088202,Persons aged 6 months to 64 years in a clinical risk group,Swansea Bay UHB
06oct2024,11759,140387,8.376132,All identified as potentially eligible,Swansea Bay UHB
13oct2024,22180,140326,15.806051,All identified as potentially eligible,Swansea Bay UHB
20oct2024,30927,140246,22.051966,All identified as potentially eligible,Swansea Bay UHB
27oct2024,36880,140160,26.312786,All identified as potentially eligible,Swansea Bay UHB
03nov2024,40140,140088,28.653418,All identified as potentially eligible,Swansea Bay UHB
10nov2024,43470,140029,31.04357,All identified as potentially eligible,Swansea Bay UHB
17nov2024,46523,139970,33.237835,All identified as potentially eligible,Swansea Bay UHB
24nov2024,49426,139882,35.334068,All identified as potentially eligible,Swansea Bay UHB
01dec2024,51553,139801,36.875988,All identified as potentially eligible,Swansea Bay UHB
08dec2024,53455,139724,38.257565,All identified as potentially eligible,Swansea Bay UHB
15dec2024,54672,139620,39.157715,All identified as potentially eligible,Swansea Bay UHB
22dec2024,56108,139519,40.215313,All identified as potentially eligible,Swansea Bay UHB
29dec2024,56118,139422,40.250462,All identified as potentially eligible,Swansea Bay UHB
05jan2025,56230,139317,40.361191,All identified as potentially eligible,Swansea Bay UHB
12jan2025,56496,139221,40.580086,All identified as potentially eligible,Swansea Bay UHB
19jan2025,56612,139117,40.693806,All identified as potentially eligible,Swansea Bay UHB
26jan2025,56695,139013,40.783955,All identified as potentially eligible,Swansea Bay UHB
02feb2025,56744,138913,40.848587,All identified as potentially eligible,Swansea Bay UHB
09feb2025,56707,138798,40.855778,All identified as potentially eligible,Swansea Bay UHB
16feb2025,56692,138716,40.869114,All identified as potentially eligible,Swansea Bay UHB
23feb2025,56665,138615,40.879414,All identified as potentially eligible,Swansea Bay UHB
02mar2025,56627,138531,40.87677,All identified as potentially eligible,Swansea Bay UHB
09mar2025,56578,138444,40.867065,All identified as potentially eligible,Swansea Bay UHB
16mar2025,56548,138381,40.863991,All identified as potentially eligible,Swansea Bay UHB
23mar2025,56523,138325,40.862461,All identified as potentially eligible,Swansea Bay UHB
